{"cameraMode":{"drawMode":0,"name":"Shaded","section":"Shading Mode"},"sceneLighting":false,"audioPlay":false,"sceneViewState":{"m_AlwaysRefresh":false,"showFog":true,"showSkybox":true,"showFlares":true,"showImageEffects":true,"showParticleSystems":true,"showVisualEffectGraphs":true,"m_FxEnabled":true},"in2DMode":false,"pivot":{"x":0.011205673217773438,"y":-7.973503112792969,"z":-6.632582664489746},"rotation":{"x":-0.14989179372787476,"y":-0.8482552170753479,"z":0.32685810327529909,"w":-0.38890430331230166},"size":10.581028938293457,"orthographic":false}