{"cameraMode":{"drawMode":0,"name":"Shaded","section":"Shading Mode"},"sceneLighting":true,"audioPlay":false,"sceneViewState":{"m_AlwaysRefresh":false,"showFog":true,"showSkybox":true,"showFlares":true,"showImageEffects":true,"showParticleSystems":true,"showVisualEffectGraphs":true,"m_FxEnabled":true},"in2DMode":false,"pivot":{"x":-13.41812515258789,"y":22.194156646728517,"z":-24.52613067626953},"rotation":{"x":0.30381453037261965,"y":0.3449069857597351,"z":-0.11906631290912628,"w":0.8800979852676392},"size":19.725933074951173,"orthographic":true}