{"cameraMode":{"drawMode":0,"name":"Shaded","section":"Shading Mode"},"sceneLighting":false,"audioPlay":false,"sceneViewState":{"m_AlwaysRefresh":false,"showFog":true,"showSkybox":false,"showFlares":true,"showImageEffects":true,"showParticleSystems":true,"showVisualEffectGraphs":true,"m_FxEnabled":true},"in2DMode":false,"pivot":{"x":26.802234649658204,"y":-7.58050012588501,"z":-32.580997467041019},"rotation":{"x":-0.0007595320348627865,"y":-0.9992815256118774,"z":0.02279839850962162,"w":-0.03417443856596947},"size":1.3391247987747193,"orthographic":false}