{"cameraMode":{"drawMode":0,"name":"Shaded","section":"Shading Mode"},"sceneLighting":false,"audioPlay":false,"sceneViewState":{"m_AlwaysRefresh":false,"showFog":true,"showSkybox":true,"showFlares":true,"showImageEffects":true,"showParticleSystems":true,"showVisualEffectGraphs":true,"m_FxEnabled":true},"in2DMode":false,"pivot":{"x":199.56661987304688,"y":91.15281677246094,"z":174.0463104248047},"rotation":{"x":-0.005174391902983189,"y":0.8953644633293152,"z":-0.011181908659636975,"w":-0.4460466504096985},"size":1.2469472885131837,"orthographic":false}